,Unnamed: 0,username,accountname,peer follower,follower,time on Twitter,gender
0,0,@GreggDCaruso,Gregg Caruso,769,23619,8,men/nonbinary
1,1,@ranilillanjum,Dr Rani Lill Anjum ‚òÆÔ∏è,718,15178,12,women
2,2,@DailyNousEditor,Daily Nous / Justin Weinberg,706,21771,8,men/nonbinary
3,3,@CliffordSosis,What Is It Like to Be a Philosopher?,697,16168,10,men/nonbinary
4,4,@csandis,Constantine Sandis,688,11808,11,men/nonbinary
5,5,@philosophybites,Nigel Warburton üß° #RejoinEU üá∫üá¶,686,97277,13,men/nonbinary
6,6,@Philosophy_Mark,Mark Schroeder,682,6678,10,men/nonbinary
7,7,@Helenreflects,Helen De Cruz,655,18440,8,women
8,8,@kate_manne,Kate Manne,651,55441,7,women
9,9,@lastpositivist,Liam Bright,636,50831,11,men/nonbinary
10,10,@anitaleirfall,Anita Leirfall,598,20052,11,women
11,11,@Skye_Cleary,Dr Skye Cleary,584,14207,9,women
12,12,@GuyLongworth,Guy Longworth,573,13329,11,men/nonbinary
13,13,@add_hawk,C Thi Nguyen,565,21584,6,men/nonbinary
14,14,@timcrane102,Tim Crane,556,16832,11,men/nonbinary
15,15,@QCassam,Quassim Cassam,553,8553,7,men/nonbinary
16,16,@JustinCaouette,justin caouette,551,7706,9,men/nonbinary
17,17,@jasonintrator,Jason Stanley,542,122549,8,men/nonbinary
18,18,@katiestockdale,Katie Stockdale,542,8080,11,women
19,19,@davidpapineau,David Papineau,527,15340,12,men/nonbinary
20,20,@cedric_p,Cedric Paternotte,526,6798,14,men/nonbinary
21,21,@cecilymwhiteley,Cecily Whiteley,513,7951,6,women
22,22,@peoppenheimer,Paul Oppenheimer,507,6884,14,men/nonbinary
23,23,@briandavidearp,"Brian D. Earp, Ph.D.",505,24528,10,men/nonbinary
24,24,@keithfrankish,Keith Frankish,500,21073,12,men/nonbinary
25,25,@OlufemiOTaiwo,Ol√∫f·∫πÃÅmi O. T√°√≠w√≤,475,42615,2,men/nonbinary
26,26,@HistPhilosophy,Peter Adamson,468,34585,10,men/nonbinary
27,27,@AnnaEzekiel1,Anna Ezekiel,465,5310,10,women
28,28,@RebeccaBuxton,Rebecca Buxton,464,12229,12,women
29,29,@danieldennett,Daniel Dennett,463,306388,9,men/nonbinary
30,30,@AidanMcGlynn,Aidan McGlynn,453,7321,13,men/nonbinary
31,31,@lisabortolotti,Prof Lisa Bortolotti,440,7879,11,women
32,32,@amiasrinivasan,Amia Srinivasan,437,33375,14,women
33,33,@cdutilhnovaes,Prof. Catarina Dutilh Novaes üò∑ üíô,436,6115,11,women
34,34,@DanielleWenner,Danielle M. Wenner,433,5295,6,women
35,35,@philosophypills,Marylin Delgado,432,8188,9,women
36,36,@jichikawa,Jonathan Ichikawa,427,9287,13,men/nonbinary
37,37,@JakeWojtowicz,Jake Wojtowicz,426,3874,10,men/nonbinary
38,38,@wrwveit,Walter Veit,425,13461,5,men/nonbinary
39,39,@_RachelHandley,Rachel Handley üè≥Ô∏è‚Äçüåà,421,6651,11,women
40,40,@Raymodraco,Ray Monk,418,10829,13,men/nonbinary
41,41,@NeuroYogacara,B,417,8376,12,men/nonbinary
42,42,@Lauradol4,Laura D'Olimpio,415,4895,9,women
43,43,@eschwitz,Eric Schwitzgebel,413,4623,7,men/nonbinary
44,44,@BryanVanNorden,Bryan W. Van Norden,412,8750,8,men/nonbinary
45,45,@impractknow,josh habgood-coote,410,3344,10,men/nonbinary
46,46,@SarahWieten,Sarah Wieten,408,4243,9,women
47,47,@_rimabasu,Rima Basu,407,3560,12,women
48,48,@EtheHerring,Emily Herring,404,12956,10,women
49,49,@DoctorSpurt,David Spurrett,404,2958,9,men/nonbinary
50,50,@PeterSinger,Peter Singer,402,116152,13,men/nonbinary
51,51,@euthyphro,Jamie,401,6897,9,women
52,52,@KevinZollman,Kevin J.S. Zollman,400,7702,7,men/nonbinary
53,53,@BayouPhilosophy,Kevin M,397,7865,7,men/nonbinary
54,54,@rebecca_roache,rebecca roache,395,6800,11,women
55,55,@bayesianboy,Mel Andrews,394,11198,2,men/nonbinary
56,56,@SDMumford,Stephen Mumford,392,9640,12,men/nonbinary
57,57,@audreyseokhean,Audrey Yap,392,4115,8,women
58,58,@carriejenkins,Carrie Jenkins,389,7439,13,women
59,59,@patchurchland,Patricia Churchland,386,21459,11,women
60,60,@sergioten,Sergio Tenenbaum,384,3426,13,men/nonbinary
61,61,@Philip_Goff,Philip Goff,379,17551,11,men/nonbinary
62,62,@MartinKusch,Martin Kusch,379,5498,12,men/nonbinary
63,63,@danielcallcut,Daniel Callcut,377,3982,8,men/nonbinary
64,64,@kkthomason,Krista K. Thomason,373,3136,7,women
65,65,@msteenhagen,Maarten Steenhagen,371,4483,12,men/nonbinary
66,66,@epicciuto,Elizabeth Picciuto,370,16513,13,women
67,67,@Natalan,Natalie Alana Ashton,370,4641,12,women
68,68,@LogicalAnalysis,Logical Analysis,367,12546,12,men/nonbinary
69,69,@KSifferd,Katrina Sifferd,366,3697,9,women
70,70,@zoophilosophy,Dr Heather Browning,365,8646,2,women
71,71,@carl_b_sachs,Norbert Wiener Kreis,364,9656,8,men/nonbinary
72,72,@cailinmeister,Cailin O'Connor,363,6777,4,women
73,73,@MikeBenchCapon,Michael Bench-Capon,362,7154,10,men/nonbinary
74,74,@RebeccaBamford,Dr. Rebecca Bamford,362,3561,12,women
75,75,@KimptonNye,Samuel,362,3402,10,men/nonbinary
76,76,@danieljbrunson,Daniel J. Brunson,362,3005,9,men/nonbinary
77,77,@AgnesCallard,Agnes Callard,360,27763,4,women
78,78,@smithbarryc,Barry C Smith,360,9128,12,men/nonbinary
79,79,@christapeterso,worms cited,358,44199,11,women
80,80,@BenceNanay,Bence Nanay,357,53958,5,men/nonbinary
81,81,@KAnthonyAppiah,Kwame Anthony Appiah,353,21786,11,men/nonbinary
82,82,@marcusarvan,The Philosophers' Cocoon / Marcus Arvan,353,2398,8,men/nonbinary
83,83,@EpistemicAngst,Duncan Pritchard,351,2706,9,men/nonbinary
84,84,@rinireg,Regina Rini,350,5269,3,women
85,85,@bweatherson,Brian Weatherson,350,3684,13,men/nonbinary
86,86,@mpigliucci,Massimo Pigliucci,348,48178,12,men/nonbinary
87,87,@wesbuc,Wesley Buckwalter,348,2569,12,men/nonbinary
88,88,@morallawwithin,flo üå∑üêù,346,16492,5,women
89,89,@myishacherry,Dr. Myisha Cherry üè≥Ô∏è‚Äçüåà,345,5499,14,women
90,90,@quiteclare,Clare Moriarty,345,3388,5,women
91,91,@tomyames,Tomy Ames,345,1861,12,men/nonbinary
92,92,@jweisber,Jonathan Weisberg,343,5787,5,men/nonbinary
93,93,@keith_wilson,ùîéùî¢ùî¶ùî±ùî• ùîöùî¶ùî©ùî∞ùî¨ùî´ üÜö ü¶†,342,5367,13,men/nonbinary
94,94,@Dr_Jim1,Dr Jim Walsh üá™üá∫üá∫üá≥,340,38261,10,men/nonbinary
95,95,@nescio13,Digressionsnimpress.,340,4981,7,men/nonbinary
96,96,@StathisPsillos,Stathis Psillos,339,5547,7,men/nonbinary
97,97,@Alex_A_Guerrero,Alexander Guerrero,339,3113,8,men/nonbinary
98,98,@Angry_Cassie,‚ÄúBoiling Heart‚Äôs Blood‚Äù Cassie,338,6741,3,women
99,99,@ProfMacpherson,Fiona Macpherson,337,4526,8,women
100,100,@diceyjennings,Carolyn Dicey Jennings,337,2119,2,women
101,101,@willmacaskill,William MacAskill,336,30810,10,men/nonbinary
102,102,@ErrorTheorist,John,336,8659,8,men/nonbinary
103,103,@ErikAngner,Erik Angner,336,7940,10,men/nonbinary
104,104,@alexbryant_,Alex Bryant,336,3222,1,men/nonbinary
105,105,@philoso_foster,jender pope,334,14000,10,women
106,106,@drlynnchiu,Lynn Chiu,333,4572,6,women
107,107,@DrSJFine,Sarah Fine,332,6095,5,women
108,108,@birchlse,Jonathan Birch,328,7277,2,men/nonbinary
109,109,@jttiehen,Justin Tiehen,328,3498,10,men/nonbinary
110,110,@martin_oneill,Martin O'Neill,326,10960,12,men/nonbinary
111,111,@yellow_dusk,rose (ü™∏=üçÑ=üå±),326,9794,11,men/nonbinary
112,112,@Floridi,Luciano Floridi,324,38686,12,men/nonbinary
113,113,@SabinaLeonelli,Sabina Leonelli,324,7449,9,women
114,114,@De_dicto,Ned Block,322,4991,12,men/nonbinary
115,115,@dbatherwoods,David Bather Woods,322,4361,2,men/nonbinary
116,116,@ewinsberg,Eric Winsberg,322,3278,12,men/nonbinary
117,117,@annefabpeter,Fabienne Peter,322,2350,2,women
118,118,@fitelson,Branden Fitelson,320,3378,12,men/nonbinary
119,119,@Wiglet1981,Richard Pettigrew,320,2390,2,men/nonbinary
120,120,@Utiliwood,Christopher Woodard,319,2637,10,men/nonbinary
121,121,@daisyldixon,Daisy Dixon,318,11809,9,women
122,122,@JTasioulas,John Tasioulas,316,22561,9,men/nonbinary
123,123,@SteveCooke,GrumpyPhilosopher,316,4833,14,men/nonbinary
124,124,@agholdier,A.G. Holdier,316,3393,12,men/nonbinary
125,125,@olehjortland,Ole Hjortland,315,3441,14,men/nonbinary
126,126,@craigafrench,Craig French,315,3160,8,men/nonbinary
127,127,@FarbodAkhlaghiG,Farbod Akhlaghi,312,2579,7,men/nonbinary
128,128,@js_thrill,the leader (pls follow),311,4915,14,men/nonbinary
129,129,@chaospet,Ryan Lake,311,3181,14,men/nonbinary
130,130,@drnelk,Dov Nelkin OOoooooo,310,8345,14,men/nonbinary
131,131,@emilytwrites,Emily Thomas,310,5401,4,women
132,132,@JohnjoCallanan,John Callanan,309,2561,12,men/nonbinary
133,133,@PhilosophyShep,Joshua Shepherd,308,1544,1,men/nonbinary
134,134,@scottjshapiro,Scott Shapiro,307,75320,5,men/nonbinary
135,135,@consequently,Greg Restall,307,6593,14,men/nonbinary
136,136,@SamJaneB,Dr. Samantha Brennan,307,3737,13,women
137,137,@KathrineCuccuru,Kathrine Cuccuru,307,1908,6,women
138,138,@JulianBaggini,Julian Baggini,306,22436,13,men/nonbinary
139,139,@martinjanello,Martin Janello,305,10805,7,men/nonbinary
140,140,@Schellenberg_1,Susanna Schellenberg,305,1761,1,women
141,141,@Franz_Berto,Francesco Berto,304,3604,10,men/nonbinary
142,142,@GeorgeShiber,George Shiber,303,38998,7,men/nonbinary
143,143,@johnfsymons,John Symons,303,2581,8,men/nonbinary
144,144,@DavidEdmonds100,David Edmonds,302,7815,8,men/nonbinary
145,145,@christianmunthe,Christian Munthe,299,6658,12,men/nonbinary
146,146,@HawleyKatherine,Katherine Hawley,299,3090,6,women
147,147,@motimizra,M. Mizrahi,298,2222,8,men/nonbinary
148,148,@paulboghossian,Paul Boghossian,297,4466,12,men/nonbinary
149,149,@JohnDanaher,John Danaher,296,8376,10,men/nonbinary
150,150,@SaraLUckelman,Doctor Logic,295,5330,7,women
151,151,@erictweber,Eric Thomas Weber,294,11824,12,men/nonbinary
152,152,@RDembroff,Robin Dembroff,294,7286,1,men/nonbinary
153,153,@zaranosaur,Zara B,293,8932,9,women
154,154,@KathleenACreel,Kathleen Creel,293,2360,3,women
155,155,@derGeistbot,geist,292,7284,8,men/nonbinary
156,156,@joelmreynolds,Joel Michael Reynolds,290,2903,9,men/nonbinary
157,157,@QuillRKukla,Quill ŒöŒøœÖŒ∫ŒªŒ± üè≥Ô∏è‚Äçüåàü¶Ñü•äüèãÔ∏èü¶îü¶îü¶î,290,2513,9,men/nonbinary
158,158,@PhilosoKiki,Kristin SW,289,2490,11,women
159,159,@RobertTalisse,Robert Talisse,288,7700,10,men/nonbinary
160,160,@jennifermmorton,Jennifer Morton,288,3216,12,women
161,161,@OwenWintersgill,David Owen (The Home Office remains a disgrace),286,5737,3,men/nonbinary
162,162,@alexxdouglas,A X Douglas,285,3685,10,men/nonbinary
163,163,@p_realism,Michela Massimi,284,3575,6,women
164,164,@DavidHunterTO,David Hunter,284,1839,10,men/nonbinary
165,165,@jennfrey,Jennifer A. Frey,283,21533,11,women
166,166,@dan_star,Daniel Star,283,1497,12,men/nonbinary
167,167,@LizardVentham,Lizard Ventham ü¶é,280,1892,7,women
168,168,@TWilliamson55,"Timothy Williamson, philosopher, official",277,4014,4,men/nonbinary
169,169,@a_brhm,Andreas Vrahimis,275,1578,9,men/nonbinary
170,170,@katfurman,Katherine Furman,274,1980,11,women
171,171,@danwilliamsphil,Dan Williams,273,3254,11,men/nonbinary
172,172,@masa_morioka,Masahiro Morioka,273,2407,12,men/nonbinary
173,173,@stephenlaw60,Stephen Law,270,11878,12,men/nonbinary
174,174,@chrisschuringa,Christoph Schuringa,269,3497,3,men/nonbinary
175,175,@rachelefraser,Rachel Fraser,268,4266,3,women
176,176,@shengokai,Dr. Flowers will have tenure AND his revenge.,267,12514,13,men/nonbinary
177,177,@larkofadefinite,Gillian Russell,267,2621,13,women
178,178,@nickriggle,Nick Riggle,267,1778,9,men/nonbinary
179,179,@pencechp,Charles Pence,266,3231,12,men/nonbinary
180,180,@APotochnik,Angela Potochnik,265,2423,8,women
181,181,@JanaMohrLone,Jana Mohr Lone,264,4648,11,women
182,182,@russokrauss,Chiara Russo Krauss üá™üá∫üáÆüáπ,264,4528,2,women
183,183,@lukephilosophy,Luke,264,2228,10,men/nonbinary
184,184,@DavidFAHoinski,Modus dei ü•ë,263,5830,5,men/nonbinary
185,185,@deonteleologist,Sam Hoadley-Brill üôè RIP CHARLES MILLS üêê,262,14331,2,men/nonbinary
186,186,@CarissaVeliz,Carissa V√©liz,260,16382,10,women
187,187,@mood_adrift,Jake Jackson,259,7251,11,men/nonbinary
188,188,@BenjaminDYoung,Ben Young,259,4530,13,men/nonbinary
189,189,@neilsinhababu,Neil Sinhababu,259,2578,12,men/nonbinary
190,190,@FerryDanini,Dr. Juliette,258,21750,9,women
191,191,@BrianLeiter,Brian Leiter,258,11327,8,men/nonbinary
192,192,@kmlindem,Kathryn Lindeman,258,2079,13,women
193,193,@ethicistforhire,Nolen Gertz,257,15756,9,men/nonbinary
194,194,@pschofie79,Paul Schofield,257,2872,1,men/nonbinary
195,195,@nino_kadic,Nino Kadic üá∫üá¶,254,2960,3,men/nonbinary
196,196,@AlexJohnLondon,Alex John London,253,5343,5,men/nonbinary
197,197,@Guy_fletcher_,Guy Fletcher,253,1751,11,men/nonbinary
198,198,@StoljarD,Daniel Stoljar,253,1484,5,men/nonbinary
199,199,@juliansavulescu,Julian Savulescu,252,9823,12,men/nonbinary
200,200,@aliboyle6,Ali Boyle,252,1791,6,women
201,201,@Ljiljana1972,Pelagia,250,7184,5,women
202,202,@Joey_K_Pollock,Joey Pollock,250,1384,5,women
203,203,@alvanoe,Alva Noe,249,7415,13,men/nonbinary
204,204,@siegel_susanna,susanna siegel,249,2107,1,women
205,205,@IDyball,Ian Dyball,248,33906,8,men/nonbinary
206,206,@AndyWPhilosophy,Andy West,247,9777,6,men/nonbinary
207,207,@WilliamMParis,William Paris,247,5679,2,men/nonbinary
208,208,@fleurjongepier,Fleur Jongepier,247,4228,8,women
209,209,@thisishannahkim,Hannah Kim,246,2133,1,women
210,210,@rbnmckenna86,Robin McKenna,246,1510,1,men/nonbinary
211,211,@philosopher70,Gregory B. Sadler - get your shots!,245,9698,12,men/nonbinary
212,212,@evantthompson,Evan Thompson,243,7849,7,men/nonbinary
213,213,@tommie_shelby,Tommie Shelby,243,5256,11,men/nonbinary
214,214,@StevenFrench4,Steven Strike! Strike!! Strike!!! French,243,2035,9,men/nonbinary
215,215,@arichardson_phi,Alan Richardson,242,3524,7,men/nonbinary
216,216,@LucyFOBrien,Lucy  O'Brien,242,1567,13,women
217,217,@ETVPod,Embrace the Void Pod,241,9461,5,men/nonbinary
218,218,@pgodfreysmith,Peter Godfrey-Smith,241,4678,1,men/nonbinary
219,219,@bioethicsbarbie,Jaime Valentine,240,4119,10,women
220,220,@lonanglo,Simon Glendinning,240,3765,10,men/nonbinary
221,221,@johnschwenkler,John Schwenkler,239,2132,3,men/nonbinary
222,222,@crookedfootball,Chris Bertram,237,7482,12,men/nonbinary
223,223,@kristopherGphil,kristopher g phillips,237,1792,7,men/nonbinary
224,224,@Mattjope,Matt Jope,237,1526,11,men/nonbinary
225,225,@kevin_dorst,Kevin Dorst,236,2989,2,men/nonbinary
226,226,@JustinSkirry,Justin Skirry,236,2918,2,men/nonbinary
227,227,@judge_jen,Jenny Judge,235,2862,10,women
228,228,@grantmaxwell,Grant Maxwell,234,25623,9,men/nonbinary
229,229,@tim_elmo,Quantified Modal Schopenhauer,234,3299,2,men/nonbinary
230,230,@PhilosopherLiam,Liam Shields,234,2789,12,men/nonbinary
231,231,@brettkarlan,Brett Karlan,234,2593,12,men/nonbinary
232,232,@RIngthorss,R.D. Ingthorsson,234,2064,7,men/nonbinary
233,233,@drcolleenmurphy,Colleen Murphy,233,5003,6,women
234,234,@filosofemas,Eros Carvalho,232,2750,12,men/nonbinary
235,235,@olivertraldi,Oliver Traldi,231,17470,5,men/nonbinary
236,236,@docfreeride,"Dr. Janet D. Stemwedel, PhD üè≥Ô∏è‚Äçüåà",231,14789,13,women
237,237,@newsphilosophy,Alexis Papazoglou,231,7897,6,men/nonbinary
238,238,@CornelWest,Cornel West,230,1055548,13,men/nonbinary
239,239,@Atticist,Atticist,230,16661,10,men/nonbinary
240,240,@Mark_Jago,Mark Jago üíô,230,2781,10,men/nonbinary
241,241,@phlqddh,Daniel D. Hutto,230,2721,9,men/nonbinary
242,242,@cajames4,Christine James,230,2404,11,women
243,243,@tPhilosophia,dPhilosopher,229,8895,12,women
244,244,@alabalawhiskey,Jessie Munton (she / her),229,1617,10,women
245,245,@DavidLSmith_Iam,David L. Smith,228,3501,11,men/nonbinary
246,246,@byrd_nick,Nick Byrd,228,3494,10,men/nonbinary
247,247,@ProfWiddows,Heather Widdows,228,3086,8,women
248,248,@KieranSetiya,Kieran Setiya,227,3503,5,men/nonbinary
249,249,@amandakbryant,Amanda Bryant,227,2551,7,women
250,250,@DrCarolHay,Carol Hay,227,2150,8,women
251,251,@ShannonVallor,Shannon Vallor,226,14898,11,women
252,252,@Davoh,Dave O'Hara,226,4580,13,men/nonbinary
253,253,@jonathantallant,Jonathan Tallant,226,2502,12,men/nonbinary
254,254,@JeremyJWaldron,Jeremy Waldron,225,15012,9,men/nonbinary
255,255,@haicinnamon,Haixin Dang,225,1448,12,women
256,256,@jonathanwebber,Jonathan Webber,224,2760,12,men/nonbinary
257,257,@donatellado,Donatella Donati,224,2262,10,women
258,258,@JennySaul1,Jenny Saul,224,1293,9,women
259,259,@davidwebster,David Webster,223,5715,13,men/nonbinary
260,260,@CharacterGap,Christian Miller,223,3617,4,men/nonbinary
261,261,@smatthewliao,S. Matthew Liao,223,2643,12,men/nonbinary
262,262,@ajcotnoir,A. J. Cotnoir,223,2058,12,men/nonbinary
263,263,@LedermanHarvey,Harvey Lederman,223,1615,2,men/nonbinary
264,264,@alexxguss,Alexandra Gustafson,222,3794,1,women
265,265,@taylorwcyr,Taylor Cyr,222,1578,10,men/nonbinary
266,266,@JoeSlater87,Joe Slater,222,1535,10,men/nonbinary
267,267,@philosofemme,Kate Kirkpatrick,221,4883,7,women
268,268,@leydonhardy,Lauren Leydon-Hardy,221,1030,7,women
269,269,@MisakCheryl,Cheryl Misak,220,2079,3,women
270,270,@wileyprof,Colin Allen,220,1550,7,men/nonbinary
271,271,@El_Dritch,Elizabeth Hannon,220,1169,10,women
272,272,@ericlinuskaplan,ericlinuskaplan,219,6186,14,men/nonbinary
273,273,@MCoeckelbergh,Mark Coeckelbergh,218,8925,7,men/nonbinary
274,274,@vernon_w_cisney,·ó™·ó¥·í™·ëå·ó¥·îï ·ëï·í™·ëå·ó¥·îï,218,7311,3,men/nonbinary
275,275,@ttahko,Tuomas Tahko,218,2304,11,men/nonbinary
276,276,@EllyVintiadis,Elly Vintiadis,218,2154,13,women
277,277,@GiadaFra_tanto,Giada Fratantonio,218,1662,8,women
278,278,@beckyphilmath,Becky Morris,218,1601,7,women
279,279,@SimoneWebbUCL,Simone Webb,217,3942,5,women
280,280,@kristinamusholt,Kristina Musholt üá∫üá¶,217,1767,11,women
281,281,@LynneTirrell,Dr. Lynne Tirrell,217,1687,10,women
282,282,@Ema_SB,Ema Sullivan-Bissett,217,1505,12,women
283,283,@rochellehd,Rochelle d,216,4924,10,women
284,284,@freganmitts,Megan Fritts,216,3162,4,women
285,285,@cpavese19,carlotta pavese,216,1340,6,women
286,286,@AnnaCiaunica,Anna Ciaunica,215,6700,5,women
287,287,@kelleher_,Paul Kelleher,215,3853,12,men/nonbinary
288,288,@Ale1808,Alessandra Tanesini,215,1425,13,women
289,289,@schafer_karl,Karl Schafer,215,1346,7,men/nonbinary
290,290,@MorganKThomp,Morgan Thompson,215,1097,4,women
291,291,@evanewashington,Evan Washington,214,5753,11,men/nonbinary
292,292,@contrarianp,David V. Johnson,214,5192,13,men/nonbinary
293,293,@goldwasser_seth,Seth Goldwasser,214,1338,2,men/nonbinary
294,294,@ashcroftethics,Richard Ashcroft,213,8865,10,men/nonbinary
295,295,@Plural_truth,Michael Lynch,213,3003,9,men/nonbinary
296,296,@JohnProtevi,John Protevi,213,2927,11,men/nonbinary
297,297,@KennethLPearce,Kenny Pearce,213,1975,1,men/nonbinary
298,298,@jdriver350,Julia Driver,213,1090,7,women
299,299,@Docstockk,Kathleen Stock,212,85543,6,women
300,300,@RrrichardZach,Richard Zach,212,3509,14,men/nonbinary
301,301,@oohlah,Joe Ulatowski üá∫üá¶ üïä,212,1419,13,men/nonbinary
302,302,@SoulPhysics,Bryan Roberts üè≥Ô∏è‚ÄçüåàÔ∏è,211,2132,12,men/nonbinary
303,303,@SvenNyholm,Sven Nyholm,210,3972,5,men/nonbinary
304,304,@sabrina_p_leeds,Big PhD Energy (aka No Energy),210,3131,1,women
305,305,@MetaEpistemic,Alejandro V√°zquez M.,210,2094,11,men/nonbinary
306,306,@danvazh,Daniel V√°zquez,210,1614,11,men/nonbinary
307,307,@MikeOtsuka,Michael Otsuka,209,7726,11,men/nonbinary
308,308,@KrantiSaran,Kranti Saran,209,5100,12,men/nonbinary
309,309,@davidr11,David Rosenthal,209,2836,12,men/nonbinary
310,310,@JamesHuttonPhil,James Hutton,209,1303,1,men/nonbinary
311,311,@alanigolanski,Alani Golanski,208,5185,7,men/nonbinary
312,312,@unfilosofo,Manuel Undistinguished Professor Vargas ü•ë,208,1501,12,men/nonbinary
313,313,@JackBicker,Jack Bicker,207,3310,11,men/nonbinary
314,314,@DrLeighMJohnson,Dr. Leigh M. Johnson,207,2348,11,women
315,315,@msprevak,Mark Sprevak,207,1924,11,men/nonbinary
316,316,@ManonGarciaFR,Manon Garcia,206,18119,3,women
317,317,@karinavold,Karina Vold,205,3453,6,women
318,318,@alicemurphs,Alice Murphy,205,1512,7,women
319,319,@MindOfSamLiao,Shen-yi Liao,205,1095,1,men/nonbinary
320,320,@drangiehobbs,Angie Hobbs,204,6419,12,women
321,321,@laurenamslater,Lauren Slater,204,1593,6,women
322,322,@luvell_anderson,frederick thuglass,204,1490,4,men/nonbinary
323,323,@benjaminmatheso,Benjamin Matheson,204,1304,5,men/nonbinary
324,324,@manueldries,Manuel Dries,204,1114,11,men/nonbinary
325,325,@ProfYolonda,"Yolonda with an ""o"" in the middle",203,3463,8,women
326,326,@AlisaBokulich,Alisa Bokulich,203,1724,1,women
327,327,@m_j_hannon,Michael Hannon,203,1405,4,men/nonbinary
328,328,@AlisonGopnik,Alison Gopnik,201,14908,10,women
329,329,@Lilyfrank16,dr. Lily frank,201,1955,5,women
330,330,@MichaelCholbi,Michael Cholbi,200,1481,12,men/nonbinary
331,331,@xgabegottliebx,Gabe Gottlieb,199,4167,5,men/nonbinary
332,332,@DrZimmermann,Annette Zimmermann,199,3931,3,women
333,333,@BritHereNow,Brit Brogaard,199,2523,12,women
334,334,@semimetic,Samuel P,199,2300,6,men/nonbinary
335,335,@mmmccabe1,Mary Margaret McCabe,198,1983,7,women
336,336,@cianchartier,Cian Guilfoyle Chartier,197,1230,4,men/nonbinary
337,337,@JustinVlasits,Justin Vlasits,197,1117,8,men/nonbinary
338,338,@EvanSelinger,Evan Selinger,196,11363,11,men/nonbinary
339,339,@philoso_panda,Rebecca Scott,196,1115,4,women
340,340,@nwhittaker10,nicholas,195,4625,1,men/nonbinary
341,341,@Modemichael,Michael Schmitz,195,1373,8,men/nonbinary
342,342,@TaniaLombrozo,Tania Lombrozo,194,10606,9,women
343,343,@zenahitz,Zena Hitz,194,9744,2,women
344,344,@nologos_,venus infers ü™∞,194,4373,3,women
345,345,@giocalagiocala,Antonella Mallozzi,194,2253,5,women
346,346,@mpolocamacho,"Polo Camacho, Ph.D.",194,1491,8,men/nonbinary
347,347,@DrJoeMorrison,Joe Morrison,193,1312,4,men/nonbinary
348,348,@cblaketurner,Chris Blake-Turner,192,1256,5,men/nonbinary
349,349,@damonayoung,Damon Young,190,14524,10,men/nonbinary
350,350,@gdmorejon,"gil, a finite mode",190,9187,3,men/nonbinary
351,351,@felipedebrigard,Felipe De Brigard,190,4058,8,men/nonbinary
352,352,@vcwills,Vanessa Wills,189,3556,13,women
353,353,@philosofacespin,DMS,189,3348,9,men/nonbinary
354,354,@NoamChompers,noamathy chompers,189,3306,12,men/nonbinary
355,355,@Ethan_Mills_42,Ethan Mills,189,2228,5,men/nonbinary
356,356,@Kingdatweet,David King,189,1840,9,men/nonbinary
357,357,@Going_Loopy,Martin Lenz,189,1595,7,men/nonbinary
358,358,@mrmorrisphil,Michael Morris,189,1465,11,men/nonbinary
359,359,@umutbaysan1,Umut Baysan,189,1463,6,men/nonbinary
360,360,@fluffycyborg,Andy Clark,188,5208,8,men/nonbinary
361,361,@HelgaVarden,Helga Varden üá∫üá¶,188,2186,2,women
362,362,@semmanuel,S.M. Emmanuel Supports üá∫üá¶üåª,188,1972,13,men/nonbinary
363,363,@SusanBrison,SJ Brison,188,1928,10,women
364,364,@Susanne_Bobzien,Susanne Bobzien,188,1777,6,women
365,365,@FreyChristopher,Christopher Frey,187,4226,12,men/nonbinary
366,366,@illocutie,Nikki is an infernal shame,187,3536,7,men/nonbinary
367,367,@onemorebrown,Richard Brown,187,2792,11,men/nonbinary
368,368,@qualiazombie,Sean Crawford,187,1492,4,men/nonbinary
369,369,@jlsnedegar,Justin Snedegar,187,1291,10,men/nonbinary
370,370,@_kenboyd,Ken Boyd,187,1097,10,men/nonbinary
371,371,@TheRealEGS,Eleanor Gordon-Smith,186,6647,12,women
372,372,@k_genin,Kasey Genin,186,1619,10,men/nonbinary
373,373,@JoeRoussos,Joe Roussos,186,1183,3,men/nonbinary
374,374,@DavidRondel,David Rondel,186,1019,6,men/nonbinary
375,375,@citizen_sanders,Mark Sanders,185,2145,5,men/nonbinary
376,376,@SteveMDownes,Steve Downes,185,1171,9,men/nonbinary
377,377,@matthewtbeard,Matt Beard,183,4816,11,men/nonbinary
378,378,@caseygripps,casey üñ§,183,3466,4,women
379,379,@SuttonProfessor,John Sutton,183,2930,5,men/nonbinary
380,380,@ibphillips,Ian Phillips,183,1659,9,men/nonbinary
381,381,@davidlmcpherson,David McPherson,183,1492,5,men/nonbinary
382,382,@TheSandyGrant,Sandy Grant,182,5376,4,women
383,383,@JLKirkpatrick1,Jesse Kirkpatrick,182,1191,6,men/nonbinary
384,384,@drkeithwilson,Dr Keith Wilson,182,1178,5,men/nonbinary
385,385,@hildherlo,Hilda Hern√°ndez,181,4523,12,women
386,386,@djr113,Debbie Roberts,181,1502,11,women
387,387,@mkrishnamurthyX,Meena Krishnamurthy,181,1252,1,women
388,388,@HieronymusBonn,Mr. Jackpots ‚ìã,180,1844,8,men/nonbinary
389,389,@p_a_marino,Patricia Marino,180,1427,8,women
390,390,@VlastaSikimic,Vlasta Sikimic,180,1397,4,women
391,391,@SanjanaWrites,Sanjana Rajagopal üïä,179,1996,5,women
392,392,@ProfBarryLam,Barry Lam ü•¢,179,1766,7,men/nonbinary
393,393,@Sainsha,Mikio Akagi,179,1622,14,men/nonbinary
394,394,@the_stardust,Juliana de Albuquerque,178,8745,13,women
395,395,@modalizing,Al Wilson,178,1596,10,men/nonbinary
396,396,@f_woollard,Fiona Woollard,178,1308,8,women
397,397,@jehsmith,Justin E. H. Smith,177,6110,13,men/nonbinary
398,398,@FeyeraBender,rory ‚ò≠,177,5891,2,men/nonbinary
399,399,@AllisonBarnes8,Allison Barnes,177,1560,10,women
400,400,@ebshupe,Eli Shupe,177,1356,4,women
401,401,@SereneKhader,Serene Khader,177,1314,8,women
402,402,@sjriches,Simon Riches,176,5000,12,men/nonbinary
403,403,@ms_brizzle,B.,176,1032,7,women
404,404,@tnpabrouwer,Thomas Brouwer,175,1929,10,men/nonbinary
405,405,@m_j_kremer,Michael Kremer,174,2268,7,men/nonbinary
406,406,@nathanballan,Nathan Ballantyne,174,1670,1,men/nonbinary
407,407,@philosofarr,Matt Farr,174,1528,11,men/nonbinary
408,408,@emotionvalueJM,Jonathan Mitchell,174,1500,3,men/nonbinary
409,409,@milena_ivanova_,Milena Ivanova üíôüíõ,174,1247,6,women
410,410,@ankeny_rachel,Prof Rachel A. Ankeny,173,2625,3,women
411,411,@JSaatsi,Juha Saatsi,173,1475,7,men/nonbinary
412,412,@philo_celine,C√©line Leboeuf,173,1337,3,women
413,413,@garycox01,Dr Gary Cox - Philosopher,172,5147,10,men/nonbinary
414,414,@bellarose__k,bella-roseüíô,172,2463,7,women
415,415,@rgblong,Robert Long,172,2392,9,men/nonbinary
416,416,@raimondiand,Andrea,172,2001,12,men/nonbinary
417,417,@em_hrnndz,Emi Hernandez ü¶ï,172,1592,2,men/nonbinary
418,418,@RachaelBrown42,Rachael Brown,172,1436,11,women
419,419,@drmichaelrush,Michael Rush,172,1312,9,men/nonbinary
420,420,@christianhbarry,christianhbarry,172,1261,8,men/nonbinary
421,421,@SmnRppn,Simon Rippon,172,1162,9,men/nonbinary
422,422,@kantianphysiker,David Milliern,171,1429,11,men/nonbinary
423,423,@KathyPuddifoot,Kathy Puddifoot,171,1271,8,women
424,424,@_APeterson_,Andrew Peterson,170,1449,8,men/nonbinary
425,425,@ArfaOksana,Oksana Ferents,170,1199,9,women
426,426,@JesusMinusU,Dr. Jess Adkins ü™ó,170,1037,12,women
427,427,@ProfessorShaw,Tamsin Shaw,169,12844,4,women
428,428,@petemandik,Pete Mandik,169,5214,12,men/nonbinary
429,429,@chezaristote,M.M.Townsend,169,3081,13,women
430,430,@thyacinth,Xin Hui is under-educated and over-loved,169,2512,12,women
431,431,@ElliottThornley,Elliott Thornley,169,1597,4,men/nonbinary
432,432,@NancyAMcHugh,Nancy McHugh,169,1393,8,women
433,433,@MoniGlezRiedel,Monica Gonzalezüåª‚òÄÔ∏è,169,1301,5,women
434,434,@profmdwhite,Mark D. White,168,4193,12,men/nonbinary
435,435,@two_standpoints,Sam Filby: Weekend Mode!!,168,4150,1,men/nonbinary
436,436,@jimkanaris,Jim Kanaris,168,3051,11,men/nonbinary
437,437,@sethlazar,Seth Lazar,168,2823,10,men/nonbinary
438,438,@nwyatt,"Nicole Wyatt, PhD",168,1686,13,women
439,439,@TuomasPernu,Tuomas Pernu,167,2202,8,men/nonbinary
440,440,@thehangedman,Matthew J. Brown,167,1714,15,men/nonbinary
441,441,@hippocampa,5ASkia,167,1666,12,women
442,442,@weisbergm,Michael Weisberg,167,1456,11,men/nonbinary
443,443,@OldAristocles,FDC,166,2501,7,men/nonbinary
444,444,@ediazleon,Dr. Esa D√≠az Le√≥n,166,1027,15,women
445,445,@cathyby,Cathy B üåª,165,4366,12,women
446,446,@ChikeJeffers,Chike Jeffers,165,1818,13,men/nonbinary
447,447,@tertiagillett,Tertia Gillett,165,1678,4,women
448,448,@tonychemero,Tony Chemero,163,2276,7,men/nonbinary
449,449,@ehatmat,Erich Hatala Matthes,163,1526,8,men/nonbinary
450,450,@theheidifeed,"love&peace, heidi",163,1511,11,women
451,451,@KristinAndrewz,Kristin Andrews,162,1825,9,women
452,452,@KatieKendig,Katie Kendig,162,1285,10,women
453,453,@lebron_chris,Chris Lebron,161,4052,10,men/nonbinary
454,454,@thedanahoward,Dana Howard,161,1109,8,women
455,455,@J_Kisolo,Joseph Kisolo-Ssonko,161,1099,11,men/nonbinary
456,456,@chazfirestone,Chaz Firestone,160,11359,13,men/nonbinary
457,457,@_MikeTremblay,Michael Tremblay,160,1455,3,men/nonbinary
458,458,@PhilosophyFails,Ben Gibran,160,1414,8,men/nonbinary
459,459,@dvnbrennan,Dev,160,1396,12,men/nonbinary
460,460,@_JAStockdale,Jack Stockdale,160,1190,12,women
461,461,@webmasterdave,David Pearce,159,112624,13,men/nonbinary
462,462,@thephilosotroll,"Joshua Stein, philosophy, ethics, politics",159,3970,11,men/nonbinary
463,463,@BrandonWarmke,Brandon Warmke,159,3545,3,men/nonbinary
464,464,@CrispinSartwell,Crispin Sartwell,159,3162,9,men/nonbinary
465,465,@joe_dewhurst,Joe Dewhurst,159,2094,5,men/nonbinary
466,466,@GraceNonToxic,Grace Cebrero,159,1534,8,women
467,467,@wangshanxi2,Wang CB,159,1105,1,men/nonbinary
468,468,@bathelina,Hannah B is trying to write,158,2444,10,women
469,469,@gravbeast,Gravid Beast,158,1711,8,men/nonbinary
470,470,@ProfLaurenRoss,Lauren N. Ross,157,2203,1,women
471,471,@amykind,Amy Kind,157,1032,13,women
472,472,@savvasioa,Savvas Ioannou,157,1008,8,men/nonbinary
473,473,@keyofnight,Tim Brown (he/him),156,1814,14,men/nonbinary
474,474,@PeterWest23,Peter West,156,1375,10,men/nonbinary
475,475,@PeterWest23,Peter West,156,1375,10,men/nonbinary
476,476,@AmyReedSandoval,Amy Reed-Sandoval,156,1340,5,women
477,477,@IngridRobeyns,Ingrid Robeyns,155,6290,11,women
478,478,@wt_greg,wt_greg,155,1088,6,men/nonbinary
479,479,@juskhoo,Justin Khoo,154,1176,8,men/nonbinary
480,480,@mittmattmutt,Matthew McKeever,154,1075,12,men/nonbinary
481,481,@andrewmilward,Andrew Milward,154,1065,9,men/nonbinary
482,482,@AFabregasT,Alejandro F√°bregas Tejeda,153,2247,5,men/nonbinary
483,483,@cantabcatherine,Catherine French,153,1588,8,women
484,484,@WausauBob,Bayview Bob,153,1278,13,men/nonbinary
485,485,@doctaj,Robin James,152,10174,14,women
486,486,@SophieFernier,Sophie,152,1701,5,women
487,487,@livcoombes,Liv üî•,152,1355,3,women
488,488,@kmfaho,Karl Aho,152,1290,12,men/nonbinary
489,489,@Susana_MonsO,Susana Mons√≥,151,2829,2,women
490,490,@drcolekat,Nicole Vincent,151,1809,13,women
491,491,@babblist,Gary Donnelly,151,1342,12,men/nonbinary
492,492,@PeterSjostedtH,Dr Peter Sj√∂stedt-Hughes,150,11114,8,men/nonbinary
493,493,@standefer,Shawn Standefer,150,1205,13,men/nonbinary
494,494,@AlldrittOwen,Owen,149,4293,3,men/nonbinary
495,495,@pradeu,Thomas Pradeu,149,3162,12,men/nonbinary
496,496,@ellieanderphd,Ellie Anderson,149,2392,3,women
497,497,@JacksonKernion,Jackson Kernion,149,2144,12,men/nonbinary
498,498,@ErsatzDoctor,Ersatz Doctor,149,1639,1,men/nonbinary
499,499,@KathrynNave,Kate Nave,149,1320,10,women
500,500,@idmonfish,David Hunter,148,2305,13,men/nonbinary
501,501,@hohwy,Jakob Hohwy,147,4087,13,men/nonbinary
502,502,@jneuf,Jonathan A Neufeld,147,1677,11,men/nonbinary
503,503,@yournerdyfriend,monstera adansonii,146,4344,6,women
504,504,@ShannonDea1,Shannon Dea,146,1847,9,women
505,505,@JoseZalabardo,Jose Zalabardo,145,1075,10,men/nonbinary
506,506,@AllenStairs,Allen Stairs,144,2979,13,men/nonbinary
507,507,@DrBenCostello,Dr Benjamin Costello,144,1938,10,men/nonbinary
508,508,@psychosyntax,David Pterodactyl,144,1791,11,men/nonbinary
509,509,@TobyMeadows,Moby Teadows,144,1720,12,men/nonbinary
510,510,@lewgord,LEWIS GORDON,143,6243,9,men/nonbinary
511,511,@chrisletheby,Chris Letheby,143,3766,8,men/nonbinary
512,512,@danielwharris,Daniel Harris,143,1165,13,men/nonbinary
513,513,@er_ogland,Emily Rose Ogland,142,1196,5,women
514,514,@SportIsARight,Dr. Veronica Ivy,141,11451,11,women
515,515,@PhiloNatural,J.J. Chipchase,141,1995,6,men/nonbinary
516,516,@schwarz_seher,Sera,141,1629,5,women
517,517,@sillynous,gabagRool,140,1296,12,men/nonbinary
518,518,@Andrulus,Andrew Lopez,140,1236,12,men/nonbinary
519,519,@mljanderson,Michael Anderson,139,1985,7,men/nonbinary
520,520,@MartinMontoya__,Martin Montoya Camacho,139,1449,10,men/nonbinary
521,521,@melady_fritz,Melady Elifritz,139,1313,4,men/nonbinary
522,522,@acgrayling,A C Grayling #FBPE 3.5% #Reform #Rejoin #FBPA üêü,138,123429,12,men/nonbinary
523,523,@RRitunnano,Rosa Ritunnano,138,3635,2,women
524,524,@ATBollands,Natural Philosopher,138,2483,11,men/nonbinary
525,525,@davidbkinney,David Kinney,138,1377,11,men/nonbinary
526,526,@jackieAsullivan,Jacqueline Anne Sullivan,138,1048,10,women
527,527,@GunnarBj,Gunnar Bj√∂rnsson,137,4082,12,men/nonbinary
528,528,@AlineMayaP,Dr Aline Maya,137,3809,6,women
529,529,@lucyamcdonald,Lucy McDonald,137,2543,8,women
530,530,@LaMetaphysique,Mathieu Sourdeix,137,2209,11,men/nonbinary
531,531,@FearLoathingBTX,Carl Elliott,136,5827,11,men/nonbinary
532,532,@jcohen570,Joshua Cohen,136,4834,14,men/nonbinary
533,533,@byrne_a,alex byrne,136,2084,10,men/nonbinary
534,534,@SophieStams,Dr Sophie Stammers,136,1123,10,women
535,535,@neva9257,Nicholas G. Evans,135,4589,15,men/nonbinary
536,536,@PublicEthics,Angus Dawson,135,3391,7,men/nonbinary
537,537,@GWFHeyGirl,Heygirlian,135,2879,3,men/nonbinary
538,538,@philosopher54,philosopher54,135,1934,10,men/nonbinary
539,539,@MRSpicher,Aesthetics Research Lab / Michael Spicher,135,1672,6,men/nonbinary
540,540,@seventanterpost,Steven Patterson,135,1282,10,men/nonbinary
541,541,@DSilvermint,Daniel Silvermint,134,8425,4,men/nonbinary
542,542,@learnfromerror,‚ôïDeborah Mayo‚ôï,134,7234,8,women
543,543,@deontologistics,pete wolfendale,134,7034,11,men/nonbinary
544,544,@qualiaisreal,Alison Niedbalski,134,2776,13,women
545,545,@LizaJThompson,Liza Thompson,134,1662,10,women
546,546,@MicahTillman,Micah Tillman,134,1305,12,men/nonbinary
547,547,@WhyJenWhy,small stellated dodecahadron collider,134,1302,8,women
548,548,@LizMcKinnell,Liz McKinnell,134,1077,10,women
549,549,@emmyzen,Emmy van Deurzen‚òÄÔ∏èüåç üåªüåπüå≥üá™üá∫üá´üá∑üá≥üá±üá¨üáßüá∫üá∏‚≠êÔ∏è,133,56163,13,women
550,550,@JohnKaag,John Kaag,133,3581,6,men/nonbinary
551,551,@SabineRoeser,Sabine Roeser,133,2182,10,women
552,552,@tenderlettuce,Tender Lettuce ü•¨,133,1677,3,women
553,553,@WillemvdVen,Willem van de Ven,133,1448,12,men/nonbinary
554,554,@Hawally_,Adriana Alcaraz-S√°nchezü¶á,133,1276,7,women
555,555,@Cepaea,Roberta Millstein,133,1045,13,women
556,556,@turingcop,David John Roden,132,4173,13,men/nonbinary
557,557,@HPSGlonk,Dominic Berry,132,4021,11,men/nonbinary
558,558,@a_n_a_berg,Anastasia Berg,132,2921,5,women
559,559,@apsullivan,Aaron Paul Sullivan,132,2636,12,men/nonbinary
560,560,@DanZahavi,Dan Zahavi,132,2557,2,men/nonbinary
561,561,@CommunicatMind,Richard Moore,132,1342,2,men/nonbinary
562,562,@RohanFrench,Rohan French,132,1189,11,men/nonbinary
563,563,@PeterSmith,Peter Smith,131,3187,14,men/nonbinary
564,564,@s_m_kay,S KüõÅüè¥,131,1412,6,women
565,565,@miyazono_kengo,Kengo Miyazono,131,1058,7,men/nonbinary
566,566,@mary_leng,Mary Leng,130,2766,6,women
567,567,@ThomasReydon,Thomas Reydon,130,1273,5,men/nonbinary
568,568,@mariabaghramian,maria baghramian,130,1236,13,women
569,569,@DrPaulGiladi,Paul Giladi,130,1127,4,men/nonbinary
570,570,@mollycrockett,M.J. Crockett,129,14647,11,women
571,571,@Dr_inPhieVeigl,Sophie Juliane Veigl,129,1474,4,women
572,572,@hakkarainenphil,Jani HakkarainenPhil,129,1362,9,men/nonbinary
573,573,@aj_wendland,Aaron James Wendland,129,1237,1,men/nonbinary
574,574,@philizopher,wintermoonrise,129,1162,12,women
575,575,@scmbradley,Seamus,129,1017,13,men/nonbinary
576,576,@DrTJC,Prof. TJCurry Ph.D MPH,128,16510,12,men/nonbinary
577,577,@DrJSellars,John Sellars,128,4226,10,men/nonbinary
578,578,@MollieGerver,Mollie Gerver,128,1266,13,women
579,579,@Unemployedneg,Jason Read,127,9916,3,men/nonbinary
580,580,@LILCICERCH,Lillian Cicerchia,127,5421,2,women
581,581,@babette_babich,Babette Babich,127,4276,10,women
582,582,@DrKeishaRay,"Keisha Ray, PhD",127,2513,3,women
583,583,@MatthiasMichel_,Matthias Michel,127,2424,5,men/nonbinary
584,584,@GDBlunt,Gwilym David Blunt,127,2299,9,men/nonbinary
585,585,@DrClareChambers,Clare Chambers,127,1697,9,women
586,586,@OpheliaDeroy,ophelia.deroy,127,1606,10,women
587,587,@DrTomOShea,Tom O'Shea,127,1421,5,men/nonbinary
588,588,@anotherpanacea,Joshua A. Miller,127,1129,13,men/nonbinary
589,589,@pbradl42,Peter Bradley,127,1087,13,men/nonbinary
590,590,@A_Thomas_Bolduc,aaron,127,1077,5,men/nonbinary
591,591,@drlabossiere,Michael LaBossiere,126,1777,12,men/nonbinary
592,592,@AmeliaHorgan,Amelia Horgan,125,19062,11,women
593,593,@PhilosopherCrip,Joseph Stramondo - ‚ôøÔ∏è‚úíÔ∏èü§ì‚úäÔ∏è,125,3013,5,men/nonbinary
594,594,@Cedric_Eyssette,C√©dric Eyssette,125,2345,14,men/nonbinary
595,595,@MilekPl,Marcin Mi≈Çkowski,125,1428,10,men/nonbinary
596,596,@annaortin,Anna Ort√≠n Nadal,125,1061,10,women
597,597,@amyrmarv,Amy Marvin,124,4675,6,women
598,598,@Jen_BMJ,Dr Jen Krutzinna,124,1928,8,women
599,599,@trexproject,L. A. Paul,124,1301,8,women
600,600,@GDolske,Gwendolyn Dolske,124,1240,9,women
601,601,@firepile,Robin Z.,123,2413,14,women
602,602,@giuli_cavaliere,Giulia Cavaliere,123,1754,6,women
603,603,@thom_brooks,Thom Brooks,122,29907,12,men/nonbinary
604,604,@sophie_r_allen,Dr Sophie Allen,122,3327,4,women
605,605,@karen_kyng,Karen Ng,122,2529,1,women
606,606,@skdevitt,Kate Devitt,122,2513,13,women
607,607,@MdKirchhoff,Michael David Kirchhoff,122,2144,2,men/nonbinary
608,608,@sandrineankara,Sandrine Berges,122,1398,12,women
609,609,@DonovanIrven,Donovan Irven,122,1261,10,men/nonbinary
610,610,@runthinkwrite,Jon Pike,121,13033,10,men/nonbinary
611,611,@SynFutures,Synthetic Future(s),121,3565,9,men/nonbinary
612,612,@alinemramos,"Aline M. Ramos, PhD",121,1564,14,women
613,613,@EikelandOlav,ŒîŒπŒ¨œÑœÑœâŒΩŒëœÉœÑŒÆœÅ,121,1481,8,men/nonbinary
614,614,@pirateV,Vanessa Bentley,121,1026,13,women
615,615,@nigel_hems,Nigel Hems,120,24664,11,men/nonbinary
616,616,@raphaelmilliere,Rapha√´l Milli√®re,120,3777,5,men/nonbinary
617,617,@OppyGraham,Graham Oppy,120,2955,8,men/nonbinary
618,618,@lunadolezal,Luna Dolezal,120,2172,9,women
619,619,@FigNuisance,üëñDenim on Denim Fan Accountüëñ,120,1286,9,women
620,620,@philoshua,"J.D. Blanchard, doctor of philosophy of philosophy",120,1261,2,men/nonbinary
621,621,@federicarusso,Federica Russo,120,1211,9,women
622,622,@RobertLepenies,Robert Lepenies,119,7072,7,men/nonbinary
623,623,@adamhayden,Adam Hayden (he/him),119,5266,13,men/nonbinary
624,624,@MaximilianKien2,Maximilian Kiener,119,1384,3,men/nonbinary
625,625,@phl43,Philippe Lemoine,118,33863,5,men/nonbinary
626,626,@kvallier,Kevin Vallier,118,3858,13,men/nonbinary
627,627,@philosophyteach,andrew rogers,118,2560,9,men/nonbinary
628,628,@BaptisteLeBihan,Baptiste Le Bihan,118,1449,10,men/nonbinary
629,629,@boodleoops,becca,117,18907,12,women
630,630,@patstokes,Patrick Stokes,117,7116,13,men/nonbinary
631,631,@CamelsHammers,Dan Fincke,117,4386,9,men/nonbinary
632,632,@MatinaLiosi,Matina Liosi,117,1350,2,women
633,633,@avery_kolers,Avery Kolers,117,1025,6,men/nonbinary
634,634,@amelapay,Pamela J. Hobart,116,6114,13,women
635,635,@IrishPhilosophy,IrishPhilosophy,116,4121,7,women
636,636,@BeachPhilosophy,Samuel Paul Douglas,116,2544,7,men/nonbinary
637,637,@JonathanJFuller,Jonathan Fuller,116,1252,8,men/nonbinary
638,638,@stephen_gadsby,Stephen Gadsby,115,1210,4,men/nonbinary
639,639,@iamastrangebool,‚ä§,114,1717,1,men/nonbinary
640,640,@AlexBradner,Alexandra Bradner,114,1545,10,women
641,641,@PeterWestOram,Peter West-Oram,114,1237,5,men/nonbinary
642,642,@danieljhicks,üêà‚Äç‚¨õ Dan Hicks üêà,114,1150,9,men/nonbinary
643,643,@tamler,Tamler Sommers,113,13618,12,men/nonbinary
644,644,@JDHamkins,Joel David Hamkins,113,12912,6,men/nonbinary
645,645,@MattNoahSmith,Matthew Noah Smith,113,1811,6,men/nonbinary
646,646,@d_tateshi,Tateshi,113,1208,1,men/nonbinary
647,647,@evolanguagemind,David Vanegas,113,1201,4,men/nonbinary
648,648,@NicholsonHPBio,Daniel J. Nicholson,112,1696,4,men/nonbinary
649,649,@ppverbeek,Peter-Paul Verbeek,111,7409,11,men/nonbinary
650,650,@BasqPhilosopher,Basque Philosopher,111,1445,9,men/nonbinary
651,651,@PoliticalPhilo,Thomas Gregersen,110,3751,12,men/nonbinary
652,652,@pilica,Pilar Herraiz,110,2304,14,women
653,653,@kylothomas,Kylo is on a break,110,1641,12,men/nonbinary
654,654,@goldenbergmaya1,Dr. Maya J. Goldenberg,110,1522,1,women
655,655,@AlisonReiheld,"Alison Reiheld, PhD",110,1001,8,women
656,656,@jeffrsebo,Jeff Sebo,109,4814,6,men/nonbinary
657,657,@aesager,Alex Sager,109,3173,9,men/nonbinary
658,658,@yujinnagasawa,Yujin Nagasawa,109,2328,7,men/nonbinary
659,659,@participha,hanne de jaegher,109,1599,7,women
660,660,@NikVenkatesh,Nikhil Venkatesh,109,1555,9,men/nonbinary
661,661,@hubertdreyfus,Hubert Dreyfus,108,3061,11,men/nonbinary
662,662,@mk_arnold,Markus Arnold,108,1324,9,men/nonbinary
663,663,@Philos_Beard,Thomas R. Wells,108,1270,8,men/nonbinary
664,664,@GregoryRupik,Greg Rupik,108,1141,5,men/nonbinary
665,665,@mmsksie,Maureen Sie,108,1094,12,women
666,666,@ellieabyrne,Eleanor Byrne,108,1067,12,women
667,667,@JustinTosi,Justin Tosi,107,1655,11,men/nonbinary
668,668,@MassSimons,Massimiliano Simons,107,1618,2,men/nonbinary
669,669,@nmcafee,Noelle McAfee,107,1160,13,women
670,670,@dioscuri,Henry Shevlin,107,1112,13,men/nonbinary
671,671,@old_ric,Ricardo ü•≤,106,1960,13,men/nonbinary
672,672,@KrisMeshelski,Kristina Meshelski,106,1002,10,women
673,673,@platobooktour,Rebecca Newberger Goldstein,105,67158,8,women
674,674,@DrBrandonHogan,Dr.Hogan,105,1515,11,men/nonbinary
675,675,@StefanFSchubert,Stefan Schubert,104,12545,7,men/nonbinary
676,676,@ashwinivasantha,AV,104,2128,9,women
677,677,@APetropanagos,Angel Petropanagos,104,1507,13,women
678,678,@imKopfetschirpt,Tim Flanagan,104,1248,8,men/nonbinary
679,679,@SpinellaJake,Philebus Bridgers,104,1078,10,men/nonbinary
680,680,@AdrielTrott,Adriel M Trott,104,1014,9,women
681,681,@BenBurgis,Ben Burgis,103,44137,3,men/nonbinary
682,682,@DavidAAldridge,David Aldridge,103,5601,11,men/nonbinary
683,683,@BioethicsUK,Nathan Emmerich,103,3913,13,men/nonbinary
684,684,@nicolapolloni,Nicola Polloni,103,2905,11,men/nonbinary
685,685,@JohnBAppleby,John B Appleby,103,1599,10,men/nonbinary
686,686,@OxPhil_Marianne,Marianne Talbot,102,3146,9,women
687,687,@qaxaawut,Shelbi Nahwilet üå∞,102,2834,11,women
688,688,@LeneAuestad,Dr Lene Auestad,102,2643,7,women
689,689,@NigelWarburton,Nigel Warburton,102,1998,11,men/nonbinary
690,690,@cmalcolmkeating,Malcolm Keating,102,1994,9,men/nonbinary
691,691,@Wilkinson2S,Stephen Wilkinson,102,1822,7,men/nonbinary
692,692,@greg_m_priest,Greg Priest,102,1539,6,men/nonbinary
693,693,@adamvs1,Adam van Sertima,102,1264,12,men/nonbinary
694,694,@should_b_workin,Alex Sarch,102,1169,12,men/nonbinary
695,695,@Mattzwolinski,Matt Zwolinski,101,5649,10,men/nonbinary
696,696,@the_if_man,Peter Worley,101,2863,10,men/nonbinary
697,697,@LeifWenar,Leif Wenar,101,2512,6,men/nonbinary
698,698,@DanielMFeige,Daniel Martin Feige,101,1502,1,men/nonbinary
699,699,@gprimiero,Giuseppe Primiero,101,1284,11,men/nonbinary
700,700,@AlexBroadbent,Alex Broadbent,101,1268,3,men/nonbinary
701,701,@JenelleGloria,jenelle salisbury,101,1193,12,women
702,702,@Left_Hegelian,Steven Levine,100,1911,4,men/nonbinary
703,703,@Sean_D_Kelly,Sean Dorrance Kelly,100,1826,11,men/nonbinary
704,704,@ElineAtSea,Eline Gerritsen,100,1025,11,women
705,705,@philippehune,philippe huneman üá¶üá≤,99,2021,9,men/nonbinary
706,706,@ErinJNash,Erin Nash,99,1211,9,women
707,707,@AkselSterri,Aksel Braanen Sterri,98,10881,10,men/nonbinary
708,708,@ThomasMetzinger,Thomas Metzinger,98,7707,12,men/nonbinary
709,709,@williamirwin38,William Irwin,98,7210,7,men/nonbinary
710,710,@ridderjeroen,Jeroen de Ridder,98,3122,9,men/nonbinary
711,711,@conspiracism,M R. X. Dentith,98,2097,7,men/nonbinary
712,712,@CoreyJMaley,Corey J. Maley,98,1099,9,men/nonbinary
713,713,@NathanNobis,Nathan Nobis . com,98,1091,8,men/nonbinary
714,714,@happyspastic,Thomas Harvey,97,7260,9,men/nonbinary
715,715,@cplong,Chris Long,97,4324,15,men/nonbinary
716,716,@GordonMarino,Gordon Marino,97,3132,10,men/nonbinary
717,717,@EkinErkan4,Ekin Erkan,97,1892,2,men/nonbinary
718,718,@gwen_h_marshall,Gwendolyn Marshall,97,1277,10,women
719,719,@Darlobrat,nadia mehdi,96,1638,10,women
720,720,@CPalaciosG,CesarP,96,1275,10,men/nonbinary
721,721,@estherkey,Esther Keymolen,95,2768,13,women
722,722,@CHSommers,Christina Sommers,94,304293,10,women
723,723,@Kerrypurcell,Kerry William Purcell,94,24464,11,men/nonbinary
724,724,@TNREthx,Travis Rieder,94,3317,5,men/nonbinary
725,725,@Lzucca,Lorenzo Zucca üáÆüáπ üá™üá∫üá¨üáß,94,2317,13,men/nonbinary
726,726,@PiersBenn,Piers Benn,94,1434,11,men/nonbinary
727,727,@gemmalucysmart,Gemma Lucy Smart,94,1384,12,women
728,728,@ehud,Ehud Lamm ÿ•ŸäŸáŸàÿØ üü£,94,1286,15,men/nonbinary
729,729,@TetralogueBook,Tetralogue,94,1130,7,men/nonbinary
730,730,@ethicsblogger,Chris MacDonald,93,8090,13,men/nonbinary
731,731,@rach_a_williams,Rachel Anne Williams,93,6878,6,women
732,732,@BrennanJacoby,Dr Brennan Jacoby,93,4611,9,men/nonbinary
733,733,@RuthxJackson,Ruth Jackson Ravenscroft ü¶•,93,2340,7,women
734,734,@MartaHalina,Marta Halina,93,1075,8,women
735,735,@peterboghossian,Peter Boghossian,92,201888,12,men/nonbinary
736,736,@bevclack,Beverley Clack üêà üìöüß∂üåπüå≥üèèüíÄ,92,7010,11,women
737,737,@flossopher,peter cave,92,2870,12,men/nonbinary
738,738,@lucypphilosophy,Lucy Prior,92,1504,2,women
739,739,@FutureOnFire,üî• Future on Fire üî•,91,4001,12,men/nonbinary
740,740,@filipbuekens,Filip Buekens,91,1896,10,men/nonbinary
741,741,@DLBarack,David L Barack,91,1409,4,men/nonbinary
742,742,@JBruineberg,Jelle Bruineberg üá™üá∫üá∫üá¶,91,1151,12,men/nonbinary
743,743,@Adriano_Mannino,Adriano Mannino,90,13349,8,men/nonbinary
744,744,@FranciMinerva,Francesca Minerva,90,2966,9,women
745,745,@TomasBogardus,Tomas Bogardus,89,2044,9,men/nonbinary
746,746,@SchoeneggerPhil,Philipp Schoenegger,89,1505,8,men/nonbinary
747,747,@philosophyideas,Peter Gibson,89,1095,11,men/nonbinary
748,748,@cherfeld,Catherine Herfeld,89,1017,4,women
749,749,@phillipsjs,Jonathan Phillips,88,2272,10,men/nonbinary
750,750,@heddamorch,Hedda Hassel M√∏rch,88,1532,6,women
751,751,@jdmacready,John D. Macready,88,1432,8,men/nonbinary
752,752,@ElucidationsPod,Matt Teichman,88,1397,8,men/nonbinary
753,753,@SisyphusRedemed,Prolegomena to Any Future Hot-Takes,88,1320,9,men/nonbinary
754,754,@jrflynn,Jeff Flynn,88,1014,12,men/nonbinary
755,755,@HealthUntoDeath,Tom Whyman,86,13397,11,men/nonbinary
756,756,@andrewjrad,Andrew,86,1171,13,men/nonbinary
757,757,@Metamagician,Russell Blackford,85,6684,12,men/nonbinary
758,758,@johncorvino,John Corvino,85,3922,11,men/nonbinary
759,759,@michaelwaustin,Michael W. Austin,85,2408,12,men/nonbinary
760,760,@pwlot,Pawel Pachniewski,84,3178,13,men/nonbinary
761,761,@robkowa,üá∫üá¶ Robert Kowalenko,84,2044,13,men/nonbinary
762,762,@tyler_m_john,Tyler John,84,1738,13,men/nonbinary
763,763,@sergio_fsf,S√©rgio de Souza Filho,84,1334,11,men/nonbinary
764,764,@xriskology,Phil Torres,83,6406,11,men/nonbinary
765,765,@FrancoiseBaylis,"Francoise Baylis, PhD",83,4011,9,women
766,766,@drjoncrowe,Jonathan Crowe,83,2624,9,men/nonbinary
767,767,@ArianneShahvisi,Arianne Shahvisi,83,2230,1,women
768,768,@DanielTutt,Daniel Tutt,82,8914,11,men/nonbinary
769,769,@AAbizadeh,Arash AbiùîÉadeh,81,2451,11,men/nonbinary
770,770,@john_s_wilkins,John S. Wilkins,81,1931,12,men/nonbinary
771,771,@sridhartweet,Sridhar Venkatapuram PhD FRSA Hon FFPH,80,5058,13,men/nonbinary
772,772,@regresssion,alexis ü™ê,80,1779,13,men/nonbinary
773,773,@bebeasley,Brandon Beasley üá∫üá¶,80,1165,14,men/nonbinary
774,774,@Arrate_Filo,Arrate Aparicio,79,6314,3,women
775,775,@ockhamsbeard,Tim Dean,79,3534,13,men/nonbinary
776,776,@clhendricksbc,Christina Hendricks,79,2568,11,women
777,777,@SpencerJayCase,Spencer Case,79,2427,9,men/nonbinary
778,778,@JeyverRodriguez,Jeyver Rodriguez,79,1290,3,men/nonbinary
779,779,@EnvattedBrain,Giovanni Rolla,79,1057,7,men/nonbinary
780,780,@Roger_Scruton,In MemoriamScrutari semper,78,37749,7,men/nonbinary
781,781,@amber_bowen,Amber Bowen,78,3046,9,women
782,782,@Sanchez_Perez_J,Jorge Sanchez-Perez. PhD üáµüá™,78,2521,8,men/nonbinary
783,783,@dmdebruijn,David de Bruijn,78,2134,9,men/nonbinary
784,784,@mboudry,Maarten Boudry,77,28987,9,men/nonbinary
785,785,@sabinedoering,Sabine D√∂ring,77,4808,12,women
786,786,@TPBlake,Terence Blake,77,2138,11,men/nonbinary
787,787,@jonnythakkar,Jonny Thakkar,77,1115,8,men/nonbinary
788,788,@Sarah_Bakewell,Sarah Bakewell,76,4729,12,women
789,789,@MetaHumean,Humean Being,76,2665,5,men/nonbinary
790,790,@andrewsbowie,Andrew Bowie,76,2169,12,men/nonbinary
791,791,@OnAssholes,Aaron James,76,2136,9,men/nonbinary
792,792,@KnoxPeden,Knox Peden,75,1857,9,men/nonbinary
793,793,@ineshipolito,In√™s Hip√≥lito,75,1815,12,women
794,794,@situatedmonad,üëªGhostly Phenomenologyüëª,75,1200,9,men/nonbinary
795,795,@wawiese,Wanja Wiese,75,1146,4,men/nonbinary
796,796,@catherinerowett,Prof Catherine Rowett üíö Ex-MEP,74,6306,8,women
797,797,@RosariaTaddeo,Mariarosaria Taddeo,74,6092,8,women
798,798,@JohnRSearle,John Searle,74,2341,1,men/nonbinary
799,799,@nericdickman,"Nathan Eric Dickman, PhD",74,1536,3,men/nonbinary
800,800,@LooraKennedy,Laura Kennedy,73,9896,8,women
801,801,@Thomas_Kupka,Thomas Kupka (phi),73,2908,7,men/nonbinary
802,802,@Faust_III,Wolfgang Schr√∂der,73,2550,5,men/nonbinary
803,803,@robsica,Rob,73,2314,11,men/nonbinary
804,804,@mathew_abbott,Mathew Abbott,73,1798,10,men/nonbinary
805,805,@JIWarren,James Warren,73,1444,12,men/nonbinary
806,806,@beingandslime,Evan (ottoman),72,3422,3,men/nonbinary
807,807,@fbouchard,Fr√©d√©ric Bouchard,72,3314,13,men/nonbinary
808,808,@elesebdowden,dr elese,72,1427,5,women
809,809,@metus,Johnny Soraker,72,1285,14,men/nonbinary
810,810,@James_Kpatrick,James Kirkpatrick,72,1169,5,men/nonbinary
811,811,@TomChatfield,Tom Chatfield,71,9002,12,men/nonbinary
812,812,@MarcelFVerweij,Marcel Verweij,71,1590,10,men/nonbinary
813,813,@Boaz_Schuman,Boaz Schuman,71,1418,8,men/nonbinary
814,814,@gsteiris,Georgios Steiris,71,1259,12,men/nonbinary
815,815,@stbo,Steinar B√∏yum,71,1101,10,men/nonbinary
816,816,@KaurinShanks,Dr. Pauline Shanks Kaurin,70,4686,3,women
817,817,@FalguniSheth,Falguni Sheth,70,3347,12,women
818,818,@RikPeels,Rik Peels,70,3067,9,men/nonbinary
819,819,@BlumenthalBarby,JS Blumenthal-Barby,70,1187,10,women
820,820,@PostigoElena,Elena Postigo,69,13567,10,women
821,821,@rekastner,Ruth E. Kastner,69,2705,12,women
822,822,@Adam_J_Knowles,Adam Knowles,69,1927,8,men/nonbinary
823,823,@magnusz,Magnus M√∏ller Ziegler,69,1748,13,men/nonbinary
824,824,@m_nagenborg,Michael Nagenborg,69,1530,11,men/nonbinary
825,825,@ProfSDodds,Susan Dodds,68,1594,6,women
826,826,@VincentCMueller,Vincent C. M√ºller,68,1473,8,men/nonbinary
827,827,@SamFellowesHPS,Sam Fellowes,68,1288,6,men/nonbinary
828,828,@domingosfaria,"Domingos Faria, Ph.D.",68,1107,12,men/nonbinary
829,829,@janedryden,Jane Dryden,68,1050,13,women
830,830,@philosophiclee,Lee Watkins,67,2045,11,men/nonbinary
831,831,@doctorSdS,Filippo Santoni,67,1078,9,men/nonbinary
832,832,@oleMMoen,Ole Martin Moen,66,2745,10,men/nonbinary
833,833,@james_trafford,James Trafford,66,1882,12,men/nonbinary
834,834,@jeffhowarducl,Jeffrey Howard,66,1573,8,men/nonbinary
835,835,@huginnf,Huginn √ûorsteinsson,66,1274,10,men/nonbinary
836,836,@neo_pythagorean,Phillip Horky,66,1077,6,men/nonbinary
837,837,@Juan,Juan Comesa√±a,66,1076,15,men/nonbinary
838,838,@HSJSpeaks,H S Joshi,65,6987,9,men/nonbinary
839,839,@JoshLMilburn,Josh Milburn,65,1414,1,men/nonbinary
840,840,@philosopher1978,Rob Farrow,64,2470,12,men/nonbinary
841,841,@vermeulen_sara,Sara,64,1248,8,women
842,842,@ariannabetti,Professor Arianna Betti,63,1068,11,women
843,843,@drphilocity,Pat O'Connor,63,1042,12,men/nonbinary
844,844,@Scheopner,Dr. Cindy,62,4219,13,women
845,845,@SEFrench,Shannon E. Frenchüåª,62,4001,13,women
846,846,@jud1ths1mon,judith simon,61,2179,8,women
847,847,@q_ruy,Quentin Ruyant,61,1385,11,men/nonbinary
848,848,@jabgreig,Jonathan Greig,61,1079,12,men/nonbinary
849,849,@DhandaMeena,Meena Dhanda,60,2049,8,women
850,850,@KarimJebari,Karim Jebari,59,4677,13,men/nonbinary
851,851,@elisa_freschi,elisa freschi,59,2125,2,women
852,852,@emilyryall,Emily Ryall,59,1576,13,women
853,853,@EPButler,Edward Butler,58,7153,12,men/nonbinary
854,854,@merceg1,merce garcia F,58,2366,10,women
855,855,@AineMarieMahon,Dr √Åine Mahon,58,1865,1,women
856,856,@equreshihurst,Emily Qureshi-Hurst,58,1441,4,women
857,857,@chrisoldfield,chris oldfield ŸÜ,58,1249,7,men/nonbinary
858,858,@brianglenney,Glenney,58,1045,11,men/nonbinary
859,859,@ianmcorbin1,Ian Marcus Corbin,57,3266,6,men/nonbinary
860,860,@davidbrax,David Brax,57,1827,12,men/nonbinary
861,861,@DaleTuggy,Dale Tuggy,57,1660,7,men/nonbinary
862,862,@internetdaniel,Daniel Susser,57,1619,13,men/nonbinary
863,863,@msmatito,Manuel S√°nchez,57,1304,9,men/nonbinary
864,864,@StoicThoughts,Modern-Day Stoic,56,13220,10,men/nonbinary
865,865,@WEilenberger,Wolfram Eilenberger,56,8202,7,men/nonbinary
866,866,@AminNayebpour,Amin Nayebpour (ŸÖÿßÿ®Ÿàÿµ Ÿà ŸÖÿ¥ÿßÿ®Ÿàÿµ),56,2612,11,men/nonbinary
867,867,@TomVMorris,Tom Morris,55,7250,13,men/nonbinary
868,868,@jocelynmaclure,Jocelyn Maclure,55,2397,8,men/nonbinary
869,869,@chrispanza,Philosopher Always Running‚Ñ¢ üèÉüèΩ,55,2363,11,men/nonbinary
870,870,@willbuckingham,Will Buckingham,54,2887,13,men/nonbinary
871,871,@anibalmastobiza,An√≠bal Monasterio Astobiza,54,2547,13,men/nonbinary
872,872,@BufacchiV,Vittorio Bufacchi,54,1752,4,men/nonbinary
873,873,@DianeOLeary,"Diane O'Leary, PhD",54,1673,12,women
874,874,@SpiralChris,Chris Bateman,53,3688,10,men/nonbinary
875,875,@RupertRead,Prof. Rupert Read,52,7599,14,men/nonbinary
876,876,@Mrollila,Maija-Riitta Ollila,52,3380,7,women
877,877,@BeckPitt,Dr. Beck Pitt,52,3147,11,women
878,878,@jasonleebyas,Jason Lee Byas ‚öë,52,2188,13,men/nonbinary
879,879,@charlesweijer,Charles Weijer,52,1586,9,men/nonbinary
880,880,@AJDieguez,Antonio Dieguez,51,5206,10,men/nonbinary
881,881,@pickstockc,Catherine Pickstock,51,3767,3,women
882,882,@carlbaker,Carl Baker,51,3751,13,men/nonbinary
883,883,@DidierMoulinier,Didier Moulinier,51,2621,12,men/nonbinary
884,884,@CynthiaRogandeR,CynthiaRogandeRamire,51,2280,9,women
885,885,@93pedrobravo,pedro bravo,51,1671,2,men/nonbinary
886,886,@janeclarejones,Dr. Jane Clare Jones ü¶ï,50,52375,11,women
887,887,@JylkkaJussi,Dr. Jussi Jylkk√§,50,1799,5,men/nonbinary
888,888,@exilefaker,p(Alex Kiefer | everything else),50,1168,13,men/nonbinary
889,889,@tpequeno,Tarcisio Pequeno,49,8096,12,men/nonbinary
890,890,@craigwarmke,Craig Warmke,49,4681,2,men/nonbinary
891,891,@yukoim,Yuko Murakami,49,3232,12,women
892,892,@ClimatePhilo,Byron Williston,49,1291,9,men/nonbinary
893,893,@AngelaRoothaan,Dr. Angela Roothaan,49,1237,8,women
894,894,@carinaprunkl,Carina Prunkl,49,1210,3,women
895,895,@AugusteNahas,Auguste Nahas,49,1124,7,men/nonbinary
896,896,@james_ka_smith,James K.A. Smith,48,37715,10,men/nonbinary
897,897,@FriedrichHayek,TakingHayekSeriouslyüß®,48,18968,13,men/nonbinary
898,898,@mtscano,mtoscano,48,2837,7,men/nonbinary
899,899,@jeremycsnyder,Jeremy Snyder,48,1994,12,men/nonbinary
900,900,@hoven_j,Jeroen van den hoven,48,1927,10,men/nonbinary
901,901,@corradosinigagl,corrado sinigaglia,48,1015,9,men/nonbinary
902,902,@Duncanivison,Duncan Ivison,47,3248,10,men/nonbinary
903,903,@sarahlillyheidt,Sarah Lilly (Heidt) Eaton,47,1543,11,women
904,904,@emilylawsonpoet,Emily Lawson,47,1218,6,women
905,905,@JoanaRSSousa,joana rita sousa ü¶Ñ üí©üíé (she/her/ela/a),46,18030,13,women
906,906,@HermesVarini,"Hermes Varini, PhD",46,2039,12,men/nonbinary
907,907,@juanantonionegr,Juan Antonio Negrete,46,1943,10,men/nonbinary
908,908,@sabrinablittle,Sabrina Little,45,4940,11,women
909,909,@Marnie_HW,MarnieHW,45,4321,8,women
910,910,@petermjaworski,Peter Jaworski üá®üá¶,45,2252,13,men/nonbinary
911,911,@gloriaoriggi,Gloria Origgi,45,1482,13,women
912,912,@dwgrunner,David Grunner,45,1196,10,men/nonbinary
913,913,@michaelhand571,Michael Hand,45,1034,12,men/nonbinary
914,914,@nathancofnas,Nathan Cofnas,44,7130,5,men/nonbinary
915,915,@JosetteDaemen,Josette Daemen,44,3655,2,women
916,916,@tweedpipe,Charles Foster,44,3471,13,men/nonbinary
917,917,@shershovitz,Scott Hershovitz,44,3145,8,men/nonbinary
918,918,@kkolozova,Katerina Katarina Kolozova,44,2508,12,women
919,919,@jzamorabonilla,La nada nadea.,43,11225,12,men/nonbinary
920,920,@DrJeremyNeill,Jeremy Neill,43,8824,5,men/nonbinary
921,921,@DrGipps,Richard Gipps,43,1928,1,men/nonbinary
922,922,@TafallaMarta,Marta Tafalla,42,8903,9,women
923,923,@bryanmukandi,Bryan Mukandi,42,1567,3,men/nonbinary
924,924,@Sonamsangbo,Soraj Hongladarom,41,24713,13,men/nonbinary
925,925,@garylfrancione,Prof. Gary Francione,41,13967,12,men/nonbinary
926,926,@SamRochadotcom,"Sam Rocha üá∫üá¶ pacem in terris, fratelli tutti",41,7032,10,men/nonbinary
927,927,@jorgefabraz,Jorge Fabra Zamora,41,1556,13,men/nonbinary
928,928,@sofia_blancos,Sofia Blanco Sequeiros üá∫üá¶,41,1441,8,women
929,929,@EGeertsPhD,"Evelien Geerts, PhD",41,1268,13,women
930,930,@JuanRLoaiza,Juan R. Loaiza,41,1213,11,men/nonbinary
931,931,@GuidoCaniglia,Guido Caniglia üè≥Ô∏è‚Äçüåà,41,1025,8,men/nonbinary
932,932,@quintanapaz,miguel √°ngel quintana paz,40,65018,12,men/nonbinary
933,933,@romankrznaric,Roman Krznaric,40,17889,12,men/nonbinary
934,934,@fidlerfm,Fiona Fidler,40,2372,12,women
935,935,@dlittle30,Dan Little,40,2210,13,men/nonbinary
936,936,@alainguillemain,Alain Guillemain,40,1945,12,men/nonbinary
937,937,@digital_objects,Yuk Hui,39,11889,10,men/nonbinary
938,938,@doctorimperator,Mustafa Yavuz üáπüá∑,39,3023,9,men/nonbinary
939,939,@LeonHeuts,Leon Heuts,39,2723,11,men/nonbinary
940,940,@FilippaRonquist,Filippa Ronquist,39,2228,8,women
941,941,@cruwelli,Sophia Cr√ºwell,39,1785,4,women
942,942,@JacquesR,Jacques Rousseau,38,13906,13,men/nonbinary
943,943,@slingerland20,Edward Slingerland,38,3385,5,men/nonbinary
944,944,@Caglar_Koc_,√áaƒülar Ko√ß,38,1102,9,men/nonbinary
945,945,@RoccoLozano,Valerio Rocco Lozano,37,6448,4,men/nonbinary
946,946,@jlmasterson,Jessica Masterson,37,6165,12,women
947,947,@kasa12345,Masashi Kasaki,37,4168,12,women
948,948,@OlyaKudina,Olya Kudina,37,1082,12,women
949,949,@JosefaRosUCM,Josefa Ros Velasco,36,2498,1,women
950,950,@ACConde_,Ana Carrasco-Conde,35,11265,11,women
951,951,@G_Ferreira,G·¥Ä ô Ä…™·¥á ü F·¥á Ä Ä·¥á…™ Ä·¥Ä ·µ† ‚Äª,35,4152,13,men/nonbinary
952,952,@RoderickTLong,Roderick T. Long,35,3551,9,men/nonbinary
953,953,@LeeCMcIntyre,Lee McIntyre,35,1858,9,men/nonbinary
954,954,@HorcherF,Ferenc H√∂rcher,35,1561,2,men/nonbinary
955,955,@patrickkloesel,Patrick Kl√∂sel,35,1027,3,men/nonbinary
956,956,@Aspirar_al_uno,Carlos Javier Gonz√°lez Serrano,34,47190,11,men/nonbinary
957,957,@yldzrf,Arif Yildiz,34,2490,3,men/nonbinary
958,958,@Shermanicus,Jacob Sherman,34,1820,8,men/nonbinary
959,959,@ProfAndyCarp,Andy Carpenter,34,1691,14,men/nonbinary
960,960,@AnalacDe,Ana de Lacalle Fern√°,34,1459,10,women
961,961,@rotkale,Liva Rotkale,34,1184,3,women
962,962,@tomecicuta,marcos fanton,34,1070,2,men/nonbinary
963,963,@lucianecoo,Lucia C. Neco (Luba),34,1025,12,women
964,964,@TamarSharon,Tamar Sharon,34,1020,11,women
965,965,@philosophyjenn,Jennifer,33,10935,1,women
966,966,@Cultuurfilosoof,Jelle van Baardewijk,33,4873,12,men/nonbinary
967,967,@aamonnz,Alexandre Monnin,33,3906,14,men/nonbinary
968,968,@jolanza,"Lois Shawver, Ph.D.",33,3472,6,women
969,969,@Miroandrej,Miroslav Imbrisevic,33,3427,10,men/nonbinary
970,970,@djleufer,Daniel Leufer,33,3308,5,men/nonbinary
971,971,@pavelgregoric,Pavel Gregoric,33,2097,10,men/nonbinary
972,972,@WPaul,Paul Franks,33,1233,13,men/nonbinary
973,973,@aydinonat,N. Emrah Aydƒ±nonat,32,5673,12,men/nonbinary
974,974,@glenn_mcgee,Glenn McGee,32,4158,13,men/nonbinary
975,975,@Recursive_idiot,Robert Jackson,32,1059,13,men/nonbinary
976,976,@williamcrawley,William Crawley,31,40767,13,men/nonbinary
977,977,@okvalnes,√òyvind Kvalnes,31,8709,12,men/nonbinary
978,978,@LargeWlarge63,William Large,31,3898,10,men/nonbinary
979,979,@JamesLuchte,Dr James Luchte,31,1991,9,men/nonbinary
980,980,@GiadaPistilli,Giada Pistilli,31,1221,8,women
981,981,@MarkRyanEthics,Mark Ryan,31,1067,2,men/nonbinary
982,982,@eledututor,Eduardo Infante,30,29397,10,men/nonbinary
983,983,@victorbermudezt,V√≠ctor Berm√∫dez,30,3481,10,men/nonbinary
984,984,@andrewjtaggart,Andrew J. Taggart,30,2307,11,men/nonbinary
985,985,@MJFulford,Prof. Amanda Fulford,30,1368,10,women
986,986,@jdlyonhart,jd lyonhart,30,1000,4,men/nonbinary
987,987,@Alsharif_HS,Hassan Alsharif | ÿ≠ÿ≥ŸÜ ÿßŸÑÿ¥ÿ±ŸäŸÅ,29,23546,6,men/nonbinary
988,988,@idevisch,Ignaas Devisch,29,16246,12,men/nonbinary
989,989,@_John_Mikhail,John Mikhail,29,3717,4,men/nonbinary
990,990,@berendvdkolk,Berend van der Kolk,29,1579,11,men/nonbinary
991,991,@illetterati,luca illetterati,29,1575,11,men/nonbinary
992,992,@agtgibson,Andrew G. Gibson,29,1465,11,men/nonbinary
993,993,@MaelGoarzin,Ma√´l Goarzin,29,1109,10,men/nonbinary
994,994,@JavierGomaL,Javier Gom√° Lanz√≥n,28,20533,10,men/nonbinary
995,995,@BarisBayram2045,Barƒ±≈ü Bayram #Barƒ±≈üVakasƒ±,28,2073,8,men/nonbinary
996,996,@NoeticBug,Nadim A. Al-Hasani,28,1980,11,men/nonbinary
997,997,@jttheophilus,JT Turner,28,1097,11,men/nonbinary
998,998,@ShaikhaBinjasim,ÿ¥ŸäÿÆÿ© ÿßŸÑÿ¨ÿßÿ≥ŸÖ,27,76495,11,women
999,999,@svial,"St√©phane Vial, Ph.D.",27,5438,13,men/nonbinary
1000,1000,@ProfGeorgeYancy,George Yancy,27,2110,4,men/nonbinary
1001,1001,@Plato4Now,Patrick Lee Miller,27,1355,4,men/nonbinary
1002,1002,@srjosekarlos,Jos√© Carlos Ruiz (filosof√≠a),26,20903,10,men/nonbinary
1003,1003,@JesperAhlin,Jesper Ahlin Marceta,26,3569,10,men/nonbinary
1004,1004,@jmbowness,jmbowness,26,2120,13,men/nonbinary
1005,1005,@Fellwater,"Brendan Myers, PhD",26,1243,9,men/nonbinary
1006,1006,@rlcaves,R L Caves üé≤üìñüêï,26,1159,13,men/nonbinary
1007,1007,@BHL,Bernard-Henri L√©vy,25,123836,12,men/nonbinary
1008,1008,@MarinaGarces,Marina Garc√©s,25,43979,10,women
1009,1009,@santiagonavajas,Santiago Navajas,25,17703,13,men/nonbinary
1010,1010,@hilzoy,hilzoy,25,4740,12,women
1011,1011,@astral_monad,Dr. Wanyoung Kim ‚öõÔ∏èüåäü§ç,25,1602,6,women
1012,1012,@Apraxique,Romain,24,2572,10,men/nonbinary
1013,1013,@WordsofMercury,Alan Bowden,24,2010,10,men/nonbinary
1014,1014,@RoxanneDes4ges,Roxanne Desforges,24,1955,11,women
1015,1015,@Su_philos,Sunaina Arya,24,1736,4,women
1016,1016,@realbriankemple,Brian Kemple ¬∑ A Man Who Likes Philosophy,24,1733,9,men/nonbinary
1017,1017,@auladefilosofia,Eugenio S√°nchez,24,1577,13,men/nonbinary
1018,1018,@ibnreilly,Francisco O'Reilly,24,1391,11,men/nonbinary
1019,1019,@DavidCorfield8,David Corfield,24,1253,4,men/nonbinary
1020,1020,@brunskellevans,Dr H Brunskell-Evans,23,13013,9,women
1021,1021,@JMKuukkanen,Jouni-Matti Kuukkanen,23,1020,4,men/nonbinary
1022,1022,@juanfermejia,Juan F Mejia M,22,11245,13,men/nonbinary
1023,1023,@itirerhart,Itƒ±r Erhart,22,9526,10,women
1024,1024,@Filoffen,Carsten Fogh Nielsen,22,4809,13,men/nonbinary
1025,1025,@SoniaSikka4,Sonia Sikka,22,3731,2,women
1026,1026,@DougGeivett,Doug Geivett,22,1235,13,men/nonbinary
1027,1027,@philo_religion,Dusty,22,1022,4,men/nonbinary
1028,1028,@Enthoven_R,Rapha√´l Enthoven,21,201050,8,men/nonbinary
1029,1029,@ben_rog,Ben Rogers,21,5343,10,men/nonbinary
1030,1030,@boone,Boone B. Gorges,21,3592,10,men/nonbinary
1031,1031,@PLuegotuiteo,"pienso,luegotuiteo",21,1644,4,women
1032,1032,@MonsieurPhi,MrPhi,20,27328,5,men/nonbinary
1033,1033,@JokeHermsen,Joke Hermsen,20,5753,12,women
1034,1034,@ntshmccrthy,Natasha McCarthy,20,1278,11,women
1035,1035,@chipperpj,PJ Mariano Capistrano,20,1119,11,women
1036,1036,@Abel_Ros,Abel Ros,19,13623,11,men/nonbinary
1037,1037,@pabloabitbol,Pablo Abitbol,19,5796,13,men/nonbinary
1038,1038,@LauraFBelli,Laura F Belli,19,5374,12,women
1039,1039,@John_H_Spencer,"John H Spencer, PhD",19,5290,6,men/nonbinary
1040,1040,@coenbrummer,Coen Brummer,19,3736,13,men/nonbinary
1041,1041,@gprieto2,Gerard Prietoüéó,19,1981,12,men/nonbinary
1042,1042,@ytb_at_twt,ytb,18,6600,12,men/nonbinary
1043,1043,@angelo_bottone,Angelo Bottone,18,3713,5,men/nonbinary
1044,1044,@minaokukita,Minao Kukita ‰πÖÊú®Áî∞Ê∞¥Áîü,18,1866,11,men/nonbinary
1045,1045,@KirstenFisher,Kirsten J. Fisher,18,1706,11,women
1046,1046,@msanles,Manuel Sanl√©s,18,1130,9,men/nonbinary
1047,1047,@BarbaraBleisch,Bleisch,17,8542,8,women
1048,1048,@lizbruton,Dr Elizabeth Bruton (she / her) üè≥Ô∏è‚Äçüåà,17,3049,10,women
1049,1049,@rrgould,Rebecca Ruth Gould,17,2237,9,women
1050,1050,@moirapez,Moira P√©rez #MilicosNuncaM√°s,17,1636,4,women
1051,1051,@AsmaaSpectrum,ÿßÿ≥ŸíŸÖŸéÿßÿ°,17,1107,12,women
1052,1052,@XavierAntich,xavier antich,16,38828,11,men/nonbinary
1053,1053,@FdezLiriaCarlos,Carlos Fern√°ndez Liria,16,10363,3,men/nonbinary
1054,1054,@OrangoQuango,Rodrigo Nunes,16,7327,8,men/nonbinary
1055,1055,@EmmanuelCS_,Emmanuel Chamorro,16,2061,8,men/nonbinary
1056,1056,@FrankMartela,Frank Martela,15,10564,12,men/nonbinary
1057,1057,@jourde,Fran√ßois Jourde,15,6041,13,men/nonbinary
1058,1058,@YuvalEyon,Yuval Eylon,15,1089,4,men/nonbinary
1059,1059,@platom___,Tom√°s Molina,14,27136,3,men/nonbinary
1060,1060,@Decafquest,Mahmoud Rasmi,14,6508,3,men/nonbinary
1061,1061,@PhilippHuebl,Philipp Huebl,14,3135,3,men/nonbinary
1062,1062,@AndrewWNewton,Andrew Newton,14,2633,13,men/nonbinary
1063,1063,@schelestoller,Eduardo Schele Stoller,14,2503,11,men/nonbinary
1064,1064,@ded6ajd,Andrew John Davis,14,1959,8,men/nonbinary
1065,1065,@OnSophiaStreet,Rabbi Dr Laura Duhan-Kaplan üá®üá¶üá∫üá∏üïä,14,1866,10,women
1066,1066,@KellyOliverBook,Kelly Oliver,14,1653,7,women
1067,1067,@NatalieBrender,Natalie Brender,14,1653,11,women
1068,1068,@JaimeNubiola,Jaime Nubiola,14,1607,10,men/nonbinary
1069,1069,@roxrodri,Roxana Rodriguez Ortiz,14,1282,12,women
1070,1070,@Hasclepio,Jes√∫s Palomar,13,2308,10,men/nonbinary
1071,1071,@VishwaAdluri,Vishwa Adluri,12,3002,7,men/nonbinary
1072,1072,@MitchOStokes,Mitch Stokes,12,1223,10,men/nonbinary
1073,1073,@lsanger,Larry Sanger,11,41150,14,men/nonbinary
1074,1074,@pedrojgrande,Pedro Grande,11,1093,1,men/nonbinary
1075,1075,@mangabeiraunger,Roberto Mangabeira Unger,10,7495,10,men/nonbinary
1076,1076,@phtavoillot,Tavoillot,10,3448,10,men/nonbinary
1077,1077,@GSalmieri,Gregory Salmieri,10,2002,12,men/nonbinary
1078,1078,@ep_mesa,EPMesa,10,1782,9,men/nonbinary
1079,1079,@finn_janning,Finn Janning,9,2275,5,men/nonbinary
1080,1080,@AlbaLafarga,Alba Lafarga,9,2215,11,women
1081,1081,@burakshaman,Burak ≈ûaman,9,1824,8,men/nonbinary
1082,1082,@gabrielmises,Gabriel Zanotti,7,7576,11,men/nonbinary
1083,1083,@silvialgil,Silvia L. Gil,7,1226,10,women
1084,1084,@EveKeneinan,Eve Keneinan ùõó‚ò¶Ô∏èŸÜ,6,8876,11,women
1085,1085,@xiscahomar,Xisca Homar,6,1034,11,women
1086,1086,@filosofiaminuto,Juan Denis // Filosof√≠a en Minutos,5,9278,6,men/nonbinary
1087,1087,@JasonWerbeloff,Jason Werbeloff,5,1142,12,men/nonbinary
1088,1088,@BeeFaerie,Deborah Russell MP üêù,4,7022,12,women
